aspect,n,n_posts,pct_pos,pct_neg,pct_neu,mean_score,median_score,category,pain_score,praise_score
comment,410,284,0.17560975609756097,0.13902439024390245,0.6853658536585366,0.040775284,0.009152596,platform_feature,57.00000000000001,72.0
feedback,276,196,0.42391304347826086,0.04710144927536232,0.5289855072463768,0.34928185,0.23233533,community,13.0,117.0
link,210,188,0.07142857142857142,0.0380952380952381,0.8904761904761904,0.06766074,0.028446443,platform_feature,8.0,15.0
vote,154,116,0.05844155844155844,0.06493506493506493,0.8766233766233766,0.004205864,0.0023085573,platform_feature,9.999999999999998,9.0
account,114,62,0.017543859649122806,0.45614035087719296,0.5263157894736842,-0.42916566,-0.20239884,platform_feature,52.0,2.0
follower,112,83,0.24107142857142858,0.16964285714285715,0.5892857142857143,0.07210402,0.019644614,discovery,19.0,27.0
reader,102,77,0.28431372549019607,0.18627450980392157,0.5294117647058824,0.12317783,0.021362448,community,19.0,29.0
writer,94,80,0.1702127659574468,0.22340425531914893,0.6063829787234043,-0.05575857,0.002186178,community,21.0,16.0
author,93,76,0.25806451612903225,0.20430107526881722,0.5376344086021505,0.03456247,0.008686879,community,19.0,24.0
title,89,77,0.12359550561797752,0.14606741573033707,0.7303370786516854,-0.004297219,0.007604221,platform_feature,13.0,11.0
fanfic,87,69,0.13793103448275862,0.11494252873563218,0.7471264367816092,0.04985556,0.013268612,community,10.0,12.0
support,82,71,0.6219512195121951,0.06097560975609756,0.3170731707317073,0.51610255,0.65219784,community,5.0,51.0
view,80,65,0.2,0.3375,0.4625,-0.11283771,-0.0070817303,discovery,27.0,16.0
message,78,64,0.10256410256410256,0.20512820512820512,0.6923076923076923,-0.08134656,0.010579333,platform_feature,16.0,8.0
edit,78,58,0.20512820512820512,0.11538461538461539,0.6794871794871795,0.056783702,0.001415546,platform_feature,9.0,16.0
username,74,63,0.04054054054054054,0.13513513513513514,0.8243243243243243,-0.08678625,0.0015537099,platform_feature,10.0,3.0
app,66,50,0.10606060606060606,0.3787878787878788,0.5151515151515151,-0.25390828,-0.0379276,platform_feature,25.0,7.0
community,64,50,0.453125,0.046875,0.5,0.39247644,0.33111233,community,3.0,29.0
english,60,54,0.11666666666666667,0.18333333333333332,0.7,-0.020128857,0.0013177292,platform_feature,11.0,7.0
blurb,53,38,0.1320754716981132,0.09433962264150944,0.7735849056603774,0.0493213,0.009540858,platform_feature,5.0,7.0
tag,51,29,0.17647058823529413,0.4117647058823529,0.4117647058823529,-0.2325092,-0.029504202,platform_feature,21.0,9.0
friend,51,41,0.3333333333333333,0.1568627450980392,0.5098039215686274,0.13239563,0.03346066,community,8.0,17.0
beta reader,50,28,0.2,0.08,0.72,0.12496864,0.07131067,service,4.0,10.0
update,47,33,0.10638297872340426,0.2127659574468085,0.6808510638297872,-0.10673956,-0.0014088494,platform_feature,10.0,5.0
cover,47,33,0.2765957446808511,0.1702127659574468,0.5531914893617021,0.06726239,0.0055823745,platform_feature,8.0,13.0
advice,47,38,0.46808510638297873,0.0425531914893617,0.48936170212765956,0.38145256,0.29657504,community,2.0,22.0
tip,43,36,0.3488372093023256,0.023255813953488372,0.627906976744186,0.29196352,0.19644545,monetization,1.0,15.0
fic,41,30,0.2926829268292683,0.07317073170731707,0.6341463414634146,0.20577455,0.029304374,community,3.0,12.0
wattpad story,38,36,0.10526315789473684,0.02631578947368421,0.868421052631579,0.07959521,0.0076655783,platform_feature,1.0,4.0
description,35,33,0.11428571428571428,0.14285714285714285,0.7428571428571429,-0.03354544,0.0009881575,platform_feature,5.0,4.0
engagement,35,26,0.34285714285714286,0.2571428571428571,0.4,0.082779616,0.07030691,discovery,9.0,12.0
language,35,33,0.05714285714285714,0.2571428571428571,0.6857142857142857,-0.16845725,-0.006062587,platform_feature,9.0,2.0
fanfiction,31,26,0.12903225806451613,0.0,0.8709677419354839,0.10960311,0.0061644046,community,0.0,4.0
review,31,25,0.22580645161290322,0.03225806451612903,0.7419354838709677,0.17193235,0.03448133,community,1.0,7.0
deal,30,21,0.1,0.2,0.7,0.0051043094,-0.005459682,monetization,6.0,3.0
money,30,25,0.03333333333333333,0.4666666666666667,0.5,-0.3617382,-0.25925466,monetization,14.0,1.0
exchange,29,22,0.20689655172413793,0.06896551724137931,0.7241379310344828,0.09422736,0.01622765,community,2.0,6.0
criticism,29,27,0.5862068965517241,0.13793103448275862,0.27586206896551724,0.32446796,0.48798925,community,4.0,17.0
notification,29,21,0.1724137931034483,0.6206896551724138,0.20689655172413793,-0.4337523,-0.6739858,platform_feature,18.0,5.0
algorithm,28,21,0.14285714285714285,0.5357142857142857,0.32142857142857145,-0.42541242,-0.5517936,discovery,15.0,4.0
scam,27,20,0.0,0.9629629629629629,0.037037037037037035,-0.8886571,-0.9799452,monetization,26.0,0.0
draft,26,24,0.038461538461538464,0.19230769230769232,0.7692307692307693,-0.14254586,-0.00081160263,platform_feature,5.0,1.0
audience,26,20,0.23076923076923078,0.15384615384615385,0.6153846153846154,0.07227504,0.0022506514,discovery,4.0,6.0
attention,26,25,0.23076923076923078,0.5,0.2692307692307692,-0.30787805,-0.43654272,discovery,13.0,6.0
email,26,17,0.038461538461538464,0.6538461538461539,0.3076923076923077,-0.5805794,-0.83828914,platform_feature,17.0,1.0
profile,26,22,0.11538461538461539,0.19230769230769232,0.6923076923076923,-0.098920785,0.0006967021,platform_feature,5.0,3.0
opinion,25,24,0.32,0.12,0.56,0.17646423,0.07277288,community,3.0,8.0
page,25,22,0.04,0.44,0.52,-0.38040054,-0.016625421,platform_feature,11.0,1.0
reddit,24,22,0.125,0.08333333333333333,0.7916666666666666,-0.007008109,0.00230086,competitor,2.0,3.0
fandom,23,20,0.043478260869565216,0.2608695652173913,0.6956521739130435,-0.21154392,-0.0024720621,community,6.0,1.0
honest feedback,23,22,0.5217391304347826,0.08695652173913043,0.391304347826087,0.37550944,0.40319324,community,2.0,12.0
bonus,23,21,0.34782608695652173,0.043478260869565216,0.6086956521739131,0.25308216,0.11349945,monetization,1.0,8.0
recommendation,21,20,0.38095238095238093,0.047619047619047616,0.5714285714285714,0.22356808,0.039768446,discovery,1.0,8.0
website,19,16,0.10526315789473684,0.3684210526315789,0.5263157894736842,-0.2844655,-0.22126797,platform_feature,7.0,2.0
new writer,17,16,0.058823529411764705,0.0,0.9411764705882353,0.11044987,0.012608142,community,0.0,1.0
password,17,7,0.0,0.8235294117647058,0.17647058823529413,-0.72487545,-0.8913358,platform_feature,14.0,0.0
reading list,16,13,0.1875,0.0,0.8125,0.14169578,0.012192646,platform_feature,0.0,3.0
user,16,15,0.125,0.25,0.625,-0.14165124,-0.0010083785,platform_feature,4.0,2.0
visibility,15,10,0.5333333333333333,0.3333333333333333,0.13333333333333333,0.1743357,0.571599,discovery,5.0,8.0
sub,15,14,0.2,0.13333333333333333,0.6666666666666666,0.003868874,0.0011693686,community,2.0,3.0
site,15,13,0.06666666666666667,0.4666666666666667,0.4666666666666667,-0.3640558,-0.11458922,platform_feature,7.0,1.0
new chapter,14,14,0.21428571428571427,0.07142857142857142,0.7142857142857143,0.15934764,0.058418483,platform_feature,1.0,3.0
artist,13,11,0.15384615384615385,0.23076923076923078,0.6153846153846154,0.021312324,0.0068099853,service,3.0,2.0
bot,13,8,0.0,0.6923076923076923,0.3076923076923077,-0.70546025,-0.9522649,platform_feature,9.0,0.0
story link,12,11,0.08333333333333333,0.08333333333333333,0.8333333333333334,-0.0068230554,0.009216185,platform_feature,1.0,1.0
ranking,12,9,0.25,0.25,0.5,-0.026439948,-0.013771995,discovery,3.0,3.0
subreddit,7,7,0.0,0.14285714285714285,0.8571428571428571,-0.09045542,0.0025599152,community,1.0,0.0
rule,7,6,0.42857142857142855,0.14285714285714285,0.42857142857142855,0.15157822,0.058140233,platform_feature,1.0,3.0
suggestion,6,6,0.5,0.0,0.5,0.3886397,0.28544828,discovery,0.0,3.0
lover,5,5,0.2,0.2,0.6,-0.09747009,0.012832107,community,1.0,1.0
rec,5,5,0.2,0.2,0.6,0.020655543,-0.018146966,discovery,1.0,1.0
