month,n,unique_authors,mean,median,std,ci_lo,ci_hi,pct_pos,pct_neu,pct_neg,weighted_mean,median_score,median_body_chars,pct_empty_body
2026-04,651,477,0.4451949308755761,0.7041,0.5984085215524358,0.39788700460829496,0.4911477150537634,0.7357910906298003,0.07373271889400922,0.19047619047619047,0.46726160380140097,3.0,314.0,0.07680491551459294
2026-05,449,356,0.38162182628062363,0.6652,0.6300158930217953,0.3236500111358575,0.4394670378619153,0.7015590200445434,0.051224944320712694,0.24721603563474387,0.3958531063053962,3.0,324.0,0.062360801781737196
2026-03,134,113,0.630589552238806,0.8494999999999999,0.47440262337275907,0.5536453731343285,0.7076887873134328,0.835820895522388,0.08208955223880597,0.08208955223880597,0.7300912264759706,3.0,228.0,0.11940298507462686
2025-10,95,80,0.5879957894736842,0.8316,0.5266574444663914,0.47736976315789476,0.6896478684210525,0.8315789473684211,0.06315789473684211,0.10526315789473684,0.6349538704762022,5.0,365.0,0.0
2025-11,86,61,0.6042674418604651,0.8712,0.5341705313610583,0.48570354651162795,0.7119413953488372,0.8837209302325582,0.011627906976744186,0.10465116279069768,0.6360522261879329,4.0,388.5,0.0
2026-01,49,45,0.5348530612244897,0.8201,0.5632481073729264,0.38445081632653055,0.6748797959183673,0.7551020408163265,0.10204081632653061,0.14285714285714285,0.554043144265311,7.0,184.0,0.1836734693877551
2026-02,46,43,0.5963630434782609,0.7343,0.4111055908475181,0.47844809782608694,0.706475597826087,0.8260869565217391,0.08695652173913043,0.08695652173913043,0.5803828962404471,6.0,206.5,0.06521739130434782
2025-12,34,29,0.6394088235294119,0.8893,0.4921099165021836,0.45031183823529414,0.7873869117647059,0.8529411764705882,0.029411764705882353,0.11764705882352941,0.6924188210765866,5.0,177.0,0.14705882352941177
2025-09,31,31,0.6180935483870967,0.8439,0.46480164438570554,0.43102080645161284,0.7652012903225806,0.8387096774193549,0.03225806451612903,0.12903225806451613,0.5344182906809795,4.0,266.0,0.03225806451612903
2025-06,18,14,0.45048333333333335,0.68,0.6697144160891618,0.12272805555555553,0.7297694444444444,0.6666666666666666,0.16666666666666666,0.16666666666666666,0.17373593452956945,2.0,298.0,0.1111111111111111
2025-04,15,12,0.5101133333333333,0.8156,0.6863804441381166,0.13882466666666665,0.8151154999999999,0.8,0.0,0.2,0.3248777251482494,40.0,580.0,0.0
2025-07,14,14,0.4319285714285715,0.7731,0.7139264694184295,0.019434821428571385,0.7546223214285714,0.7857142857142857,0.0,0.21428571428571427,0.16527347738270362,18.5,358.5,0.0
2025-03,13,11,0.6649461538461539,0.8479,0.3837678608555451,0.42860346153846146,0.8424557692307691,0.8461538461538461,0.07692307692307693,0.07692307692307693,0.6018174502833484,6.0,469.0,0.15384615384615385
2025-05,12,11,0.5373249999999999,0.9513499999999999,0.5731314526750863,0.23716687500000005,0.849050625,0.75,0.0,0.25,0.38323653247603073,7.0,512.0,0.0
2025-02,8,4,0.8446125,0.9141,0.1290538363574343,0.754658125,0.9185000000000001,1.0,0.0,0.0,0.8567803098093965,11.0,688.5,0.0
2024-12,8,3,0.6894,0.9141,0.5127500170648461,0.31957937500000005,0.9022749999999999,0.875,0.0,0.125,0.6484779201470701,15.5,784.0,0.0
2024-10,8,3,0.476475,0.9141,0.7758484567601736,-0.020125000000000032,0.917075,0.75,0.0,0.25,0.08637599225773832,10.5,784.0,0.125
2024-11,6,2,0.5725833333333333,0.9141,0.7319130888750841,0.0010629166666666873,0.9141,0.8333333333333334,0.0,0.16666666666666666,0.24793241358234394,6.5,784.0,0.0
2024-09,6,1,0.8766166666666667,0.9141,0.09181504052532279,0.80165,0.9141,1.0,0.0,0.0,0.889574172366227,11.0,784.0,0.0
2024-08,6,2,0.8351333333333334,0.9141,0.12256982771737368,0.7521666666666667,0.9141,1.0,0.0,0.0,0.8197127706359928,12.5,784.0,0.0
2024-07,6,1,0.8766166666666667,0.9141,0.09181504052532279,0.80165,0.9141,1.0,0.0,0.0,0.884742979577571,9.5,784.0,0.0
2024-06,5,1,0.86912,0.9141,0.10057833762794054,0.77916,0.9141,1.0,0.0,0.0,0.8747655781510032,13.0,784.0,0.0
2025-01,5,1,0.86912,0.9141,0.10057833762794054,0.77916,0.9141,1.0,0.0,0.0,0.8891876231592158,15.0,784.0,0.0
2025-08,3,3,0.6170333333333333,0.8582,0.5385941174329082,0.0,0.9929,0.6666666666666666,0.3333333333333333,0.0,0.9161377821944122,13.0,825.0,0.0
2024-05,3,2,0.7654666666666667,0.9141,0.2574404850316541,0.4682,0.9141,1.0,0.0,0.0,0.7618713297193411,17.0,784.0,0.0
